2022 & 2021.5
Zoe_Boggs,Zoe Boggs,2022
Mia_Brossoie,Mia Brossoie,2022
Sean_Chung,Sean Chung,2022
Nasreen_Duqmaq,Nasreen Duqmaq,2022
Edwin_Lozano,Edwin Lozano,2022
2021 & 2020.5
Fidelity_Ballmer,Fidelity Ballmer,2021
Kristen_Caulfield,Kristen Caulfield, 2021
Lexie_Ekstrom,Lexie Ekstrom,2021
Allegra_Friedman,Allegra Friedman,2021
Kaleb_Hood,Kaleb Hood,2021
Carmen_Horn,Carmen Horn,2021
Stefan_Korfmacher,Stefan Korfmacher,2021
Sophie_Kuhl,Sophie Kuhl,2021
Griffin_Kupsaw,Griffin Kupsaw,2021
Elisia_Lopez,Elisia Lopez,2021
Miranda_Pla,Miranda Pla,2021
Ariel_Rotter-Aboyoun,Ariel Rotter-Aboyoun,2021
Cherilyn_Tan_Qiao_Lyn,Cherilyn Tan Qiao Lyn,2021
Maeve_Wiesen,Maeve Wiesen,2021
2020 & 2019.5
Isha_Chavva,Isha Chavva,2020
Alfie_Fuertes,Alfie Fuertes,2020
Paty_Garza,Paty Garza,2020
Isidor_Goldberg,Isidor Goldberg,2020
Leah_Goldman,Leah Goldman,2020
Alec_Goldstone,Alec Goldstone,2020
Amy_Huang,Amy Huang,2020
Shelley_Jain,Shelley Jain,2020
Jack_Kates,Jack Kates,2020
Hanhui_Li,Hanhui Li,2020
Jimmy_Niu,Jimmy Niu,2020
Sokret_Pond,Sokret Pond,2020
Marie_Piatski,Marie Piatski,2020
Maria_Salameh,Maria Salameh,2020
Jenna_Tishler,Jenna Tishler,2020
Dorothy_Windham,Dorothy Windham,2020

2019 & 2018.5
Ellie_Baker,Ellie Baker,2019
Vladimir_Borodin,Vladimir Borodin,2019
Liam_Carpenter-Urquhart,Liam Carpenter-Urquhart,2019
Felicia_Davidson,Felicia Davidson,2020
Heather_Davis,Heather D. Davis,2020
Blake_DeVaney,Blake DeVaney,2019
Natasha_Orlando_Figueiredo,Natasha Orlando Figueiredo,2020
Cailyn_Hansen,Cailyn Hansen,2019
Laura_Henny,Laura Henny,2019
Julia_Illana,Julia Illana,2020
Sarah_Joffe,Sarah Joffe,2019
Judith_Lao,Judith Lao,2019
Jean_Lee,Jean Lee,2019
Daven_McQueen,Daven McQueen,2019
Bill_Mizgerd,Bill Mizgerd,2019
Mary_Nichols,Mary Nichols,2020
Nina_Polshakova,Nina Polshakova,2019
Jordan_Rubin-McGregor,Jordan Rubin-McGregor,2019
Anna_White,Anna White,2019
Delaney_Williams,Delaney Williams,2019
Katie_Wu,Katie Wu,2019
2018 & 2017.5
Linda_Chang,Linda Chang,2019
Sergio_Chen,Sergio Chen,2018
Bianca_Hinojosa,Bianca Hinojosa,2018
Alex_Hirsch,Alex Hirsch,2018
Liesl_Jaeger,Liesl Jaeger,2018
Ki-Soo_Jeong,Ki-Soo Jeong,2020
Eren_Ileri,Eren Ileri,2017
Burak_Ceyhun_Karaca,Burak Ceyhun Karaca,2017
Emily_Kasbohm,Emily Kasbohm,2018
Jack_Kelly,Jack Kelly,2018
Anne-Marie_Kommers,Anne-Marie Kommers,2018
Maya_Menefee,Maya Menefee,2019
AJ_Mezoff,AJ Mezoff,2018
Sylvie_Paul,Sylvie Paul,2018
Anne_Prusky,Anne Prusky,2018
Benjamin_Sheeran,Benjamin Sheeran,2018
Madeleine_Slater,Madeleine Slater,2018
2017
Alexis_Alston,Alexis Alston,2017
Norman_Bai,Norman Bai,2018
Geoffrey_Besser,Geoffrey Besser,2018
Anisha_Dias_Bandaranaike,Anisha Dias Bandaranaike,2017
Dan_Collins,Dan Collins,2019
Kavi_Duvvoori,Kavi Duvvoori,2018
Gardner_Eager,Gardner Eager,2018
Amy_Fifer,Amy Fifer,2017
Sonia_Geba,Sonia Geba,2018
Devika_Girish,Devika Girish,2018
Therese_Gordon,Therese Gordon,2017
Margaret_House,Margaret House,2017
Arohi_Kapoor,Arohi Kapoor,2017
Antonija_Kolobaric,Antonija Kolobaric,2018
Bee_Kunesh,Bee Kunesh,2017
Mary_Langat,Mary Langat,2018
Brenda_Mantrana,Brenda Mantrana,2017
Bill_Marcy,Bill Marcy,2018
Isabella_Martinez,Isabella Martinez,2018
Paul_Martino,Paul Martino,2017
Heidy_Mendez,Heidy Mendez,2018
Christopher_Musick,Christopher Musick,2018
Sakura_Nakada,Sakura Nakada,2017
Michael_Petro,Michael Petro,2018
Andy_Richards,Andy Richards,2017
Anne_Rothen,Anne Rothen,2017
Vanessa_Sullivan,Vanessa Sullivan,2017
Maggie_Sullivan,Maggie Sullivan,2017
Jiahong_Sun,Jiahong Sun,2016
Dayton_Williams,Dayton Williams,2017
Jolie_Yu,Jolie Yu,2017
2016 & 2015.5
Crystal_Avila,Crystal Avila,2016
Betsy_Carter,Betsy Carter,2016
Emma_Dickson,Emma Dickson,2017
Rigina_Gallagher,Rigina Gallagher,2016
Grant_Glovin,Grant Glovin,2016
Elizabeth_Gurin,Elizabeth Gurin,2017
Paul_Johnson,Paul Johnson,2017
Daniyal_Khan,Daniyal Khan,2016
Andrew_Kuida,Andrew Kuida,2016
Patrick_Lynch,Patrick Lynch,2017
Cheyenne_Morrin,Cheyenne Morrin,2015
Becky_Rose,Becky Rose,2016
Winnie_Shao,Winnie Shao,2016
Jim_Walsh,Jim Walsh,2012
Jeannette_Wright,Jeannette Wright,2016
John_Yang,John Yang,2017
Dazheng_Zhang,Dazheng Zhang,2017
2015
Andrew_Brown,Andrew Brown,2015
Kendra_Cornejo,Kendra Cornejo,2015
Sam_Davidoff-Gore,Sam Davidoff-Gore,2015
Anneke_Elmhirst,Anneke Elmhirst,2015
Hannah_Gribetz,Hannah Gribetz,2015
Sammy,Eric Kalosa-Kenyon,2015
Blair_Huang,Zhaofei Blair Huang,2015
Julia_Kelly,Julia Kelly,2015
Jiani_Liu,Jiani Apple Liu,2015
Jeremy_Perlman,Jeremy Perlman,2015
Laura_Scheff,Laura Scheff,2015
Emma_Steele,Emma Steele,2016
Ryan_Taylor,Ryan Taylor,2015
Philip_Trammell,Philip Trammell,2015
Jessica_Tran,Jessica Tran,2015
Haoyun_Zhou,Evan Zhou,2016
2014
John_Aurelio,John Aurelio,2014
Ivy_Alphonse-Leja,Ivy Alphonse-Leja,2014
Marissa_Bergman,Marissa Bergman,2014
Erin_Butler,Erin Butler,2014
Christine_Chapman,Christine Chapman,2014
Lingyu_Chen,Lingyu Lenny Chen,2015
Sinan_Eczacibasi,Sinan Eczacibasi,2014
Jonathan_Eubank,Jonathan Eubank,2014
Richie_Leng,Richie Leng,2016
Kathleen_Lister,Kathleen Lister,2014
Steven_McGarty,Steven McGarty,2015
Jacob_Pollien,Jacob Pollien,2013
Emily_Regier,Emily Regier,2014
Daniel_Tatar,Daniel Tatar,2014
Catherine_Teitz,Catherine Teitz,2014
Rob_Volgman,Rob Volgman,2014
2013
Craig_Chan,Craig Chan,2014
David_Granberg,David Granberg,2013
Brian_Guest,Brian Guest,2013
Ben_Jones,Ben Jones,2013
Kshitij_Lauria,Kshitij Lauria,2013
Jessica_Le,Jessica Le,2014
Donna_Leong,Donna Leong,2013
Lei_Ma,Lei Ma,2013
Michael_Rose,Michael Rose,2013
Alexandra_SanJorge,Alexandra San Jorge,2012
Kurt_Spindler,Kurt Spindler,2013
William_Tomasko,William Tomasko,2013
Maya_Wei,Maya Wei,2013
2012
Chelsea_Berry,Chelsea Berry,2012
Anya_Eber,Anya Eber,2014
Ann_Ford,Ann Ford,2013
Miranda_Forman,Miranda Forman,2013
Jessica_Gebhard,Jessica Gebhard,2012
Can_Gencler,Can Gencler,2012
Meghan_Kelleher,Meghan Kelleher,2013
Bethany_Kwoka,Bethany Kwoka,2012
Vihang_Mehta,Vihang Mehta,2013
Joe_Rim,Joe Rim,2012
Christian_Talavera,Christian Talavera,2012
Kening_Tan,Kening Tan,2013
Paul_Watanabe,Paul Watanabe,2013
Zach_Wilson,Zach Wilson,2013
2011
Philip_Arevalo,Philip Arevalo,2011
Kristin_Bergman,Kristin Bergman,2011
Melissa_Diaz,Melissa Diaz,2010
Peter_Hatch,Peter Hatch,2012
Mike_Hogan,Mike Hogan,2012
Sammy,Rolando Huerta,2012
Evangeline_Kurtz-Nelson,Eva Kurtz-Nelson,2011
Sean_Maldonado,Sean Maldonado,2011
Nathan_Margolin,Nathan Margolin,2012
Jentina_Mitchell,Jentina Mitchell,2012
Alex_Mittman,Alex Mittman,2012
Aaron_Rosenberg,Aaron Rosenberg,2012
Nupur_Shridhar,Nupur Shridhar,2011
Nathaniel_Stetson,Nate Stetson,2012
Rebecca_Strauss,Rebecca Strauss,2012
Kevin_Thomas,Kevin Thomas,2013
Shana_Tinkle,Shana Tinkle,2011
Jeffrey_Tratner,Jeffrey Tratner,2010
Shaun_Verch,Shaun Verch,2013
Anna_Waymack,Anna Waymack,2011
Anne_Williard,Anne Williard,2011
Hope_Williard,Hope Williard,2011
2010
Caitlin_Barry,Caitlin Barry,2010
Baird_Bream,Baird Bream,2010
Madeline_Brown,Maddie Brown,2010
Elitza_Christoff,Elitza Christoff,2010
Rebecca_Clarkson,Becky Clarkson,2010
Sasha_Coelho,Sasha Coelho,2012
Ethan_Currens,Ethan Currens,2010
Alena_Davidoff-Gore,Alena Davidoff-Gore,2010
Joost_DeNijs,Joost De Nijs,2012
Sarah_Hersman,Sarah Hersman,2010
Tushar_Khadloya,Tushar Khadloya,2010
Adrienne_Langlois,Adrienne Langlois,2010
Joe_Larios,Joe Larios,2010
Sophie_Lynford,Sophie Lynford,2010
Alanna_Kwoka,Alanna Kwoka,2011
Sara_Mann,Sara Mann,2010
Katherine_Meyers,Katie Meyers,2010
Timothy_Nolan,Timothy Nolan,2010
Helen_Pang,Helen Pang,2010
Kelsey_Robbins,Kelsey Robbins,2010
Justin_Satriano,Justin Satriano,2010
Michael_Sokolovsky,Michael Sokolovsky,2010
Rachel_Weiler,Rachel Weiler,2010
Abrihette_Yawa,Abrihette Yawa,2010
2009
Karla_Bertrand,Karla Bertrand,2010
David_Deull,David Deull,2010
Lorraine_Fryer,Lorraine Fryer,2008
Alexander_Gard-Murray,Alexander Gard-Murray,2009
Martha_Gimbel,Martha Gimbel,2010
Benjamin_Groisser,Ben Groisser,2009
Melissa_Kagen,Melissa Kagen,2010
Malka_Key,Malka Key,2009
Charles_Shrader,Charlie Shrader,2010
Jack_Sullivan,Jack Sullivan,2009
2008
Andrea_Barnes,Andrea Barnes,2008
Thomas_Bergman,Thomas Bergman,2008
Ben_Brown,Ben Brown,2008
Jonathan_Cannon,Jonathan Cannon,2008
Alexander_Dean,Alexander Dean,2008
Brandon_Diamond,Brandon Diamond,2008
Nathan_Duckles,Nathan Duckles,2008
Joshua_Feintuch,Josh Feintuch,2009
Sammy,Amandeep Gill,2008
Peter_Goldstein,Peter Goldstein,2008
David_Hirshberg,David Hirshberg,2008
Roxanne_Palmer,Roxanne Palmer,2010
Jordan_Pisarcik,Jordan Pisarcik,2008
Douglas_Rapp,Douglas Rapp,2008
Zachary_Reiss-Davis,Zachary Reiss-Davis,2008
Daniel_Rogers,Daniel Rogers,2008
Sonia_Saraiya,Sonia Saraiya,2008
Leah_Shabshelowitz,Leah Shabshelowitz,2008
Daniel_Winograd-Cort,Daniel Winograd-Cort,2008
2007
Laura_Atkinson,Laura Atkinson,2008
Adam_Cath,Adam Cath,2007
Tasha_Chemel,Tasha Chemel,2009
Matthew_Dong,Matthew Dong,2007
Alexander_Ebin,Alexander Ebin,2007
Stephanie_Greer,Stephanie Greer,2007
Daniel_Heller,Dan Heller,2009
Kate_Jovin,Kate Jovin,2007
Emma_Kaplan,Emma Kaplan,2007
Jesse_Kass,Jesse Kass,2007
Cristi_Laquer,Cristi Laquer,2008
Daniel_Leventhal,Daniel Leventhal,2007
Jessica_Marquardt,Jessica Marquardt,2008
David_Pacheco,David Pacheco,2008
William_Pijewski,William Pijewski,2007
Jonathan_Russ,Jonathan Russ,2007
Lyde_Sizer,Lyde Sizer,2008
2006
Brett_Abarbanel,Brett Abarbanel,2006
Ronald_Beimel,Ronald Beimel,2006
Samuel_Biagetti,Samuel Biagetti,2006
Querida_Campbell,Querida Campbell,2006
Leila_Chakravarty,Leila Chakravarty,2006
Claire_Coiro,Claire Coiro,2006
Andrew_Del_Donno,Andrew Del Donno,2006
Sarah_Delahanty,Sarah Delahanty,2007
Jonathan_Ellis,Jonathan Ellis,2006
Alison_Errico,Alison Errico,2006
Christie_Gibson,Christie Gibson,2006
Felicitee_Kertis,Felicitee Kertis,2006
Frank_Lehman,Frank Lehman,2006
Michelle_Menard,Michelle Menard,2006
Andrew_Miklos,Andrew Miklos,2008
Nora_Paymer,Nora Paymer,2006
Charlotte_Rocker,Charlotte Rocker,2006
Anthony_Sheets,Anthony Sheets,2006
Michael_Wasserman,Michael Wasserman,2006
Jamie_Weaver,Jamie Weaver,2006
2005
Samuel_Baltimore,Sam Baltimore,2005
Jonathan_Biderman,Jonathan Biderman,2006
Maya_Bruhns,Maya Bruhns,2006
Shauna_Edson,Shauna Edson,2005
Adam_Green,Adam Green,2006
Christopher_Guhin,Christopher Guhin,2005
Adam_Immerwahr,Adam Immerwahr,2005
Jonathan_A_Marcus,Jonathan Marcus,2005
Joshua_Marcus,Josh Marcus,2005
David_Merino,David Merino,2005
Rachel_Paster,Rachel Paster,2005
Mark_F_Scott,Mark F. Scott,2005
Leslie_Wei,Leslie Wei,2005
Elizabeth_Winograd-Cort,Elizabeth Winograd-Cort,2005
2004
Joshua_Berkov,Joshua Berkov,2004
Benjamin_Bloom,Benjamin Bloom,2004
Lorin_Fries,Lorin Fries,2004
Beth_Hollander,Beth Hollander,2004
Kristen_Mason,Kristen Mason,2004
Matthew_McNamara,Matthew McNamara,2004
Cristina_Rodriguez-Hart,Cristina Rodriguez-Hart,2004
Colin_Sheldon,Colin Sheldon,2004
Caroline_Weinstein,Caroline Weinstein,2004
Cynthia_Willner,Cynthia Willner,2004
Elizabeth_A_Wright,Annie Wright,2004
2003
Steven_Baker,Steven Baker,2003
Diana_Baltazar,Diana Baltazar,2003
Anne_Barylick,Anne Barylick,2005
Michael_Blitstein,Michael Blitstein,2003
Ross_Fabricant,Ross Fabricant,2003
Nicholas_Foeger,Nicholas Foeger,2002
Marleny_Franco,Marleny Franco,2004
Ching-Wen_Huang,Wendy Huang,2004
Matthew_Ivester,Matthew Ivester,2003
Marisa_Kastoff,Marisa Kastoff,2003
Christina_Kennedy,Christina Kennedy,2003
Jamie_Martin-McNaughton,Jamie Martin-McNaughton,2003
Colin_Rennert-May,Colin Rennert-May,2003
Mark_Scott,Mark Scott,2003
Ilana_Sherer,Ilana Sherer,2003
Katherine_Wasdin,Katherine Wasdin,2003
Christina_Xydias,Christina Xydias,2003
2002 and 2002.5
Chad_Farrell,Chad Farrell,2002
Gregory_Golrick,Greg Golrick,2002
Andrew_Lom,Andrew Lom,2002
Marah_Mattheus-Kairys,Marah Mattheus-Kairys,2003
Kristen_McFadyen,Kristen McFadyen,2001
Amanda_Metskas,Amanda Metskas,2003
Jennifer_Mitnick,Jenny Mitnick,2002
Jessica_Resnick-Ault,Jessica Resnick-Ault,2002
Sharon_Sonenblum,Sharon Sonenblum,2003
Kristina_Treanor,Kristina Treanor,2002
Allison_Tugel,Allison Tugel,2002
2001 and 2001.5
Jennifer_Arden,Jennifer Arden,2001
Todd_Auwarter,Todd Auwarter,2001
Robert_Bishop,Robert Bishop,2001
Peter_Buchak,Peter Buchak,2001
James_Coburn,James Coburn,2001
Laura_Cordisco,Laura Cordisco,2001
Rachel_Cruz,Rachel Cruz,2001
Mark_Farber,Mark Farber,2001
Brian_Ferrell-Locke,Brian Ferrell-Locke,2001
Maria_Fusaro,Maria Fusaro,2002
Charles_Hebert,Charles Hebert,2001
Ian_Hochberg,Ian Hochberg,2001
Che-Chou_Huang,Tomson Huang,2001
Derek_Janiak,Derek Janiak,2002
Brendan_Kaisershot,Brendan Kaisershot,2001
Teri_Kniss,Teri Kniss,2001
Kirstin_Lamb,Kirstin Lamb,2001
Jonah_McBride,Jonah McBride,2001
Kevin_Mernick,Kevin Mernick,2001
Elizabeth_Miele,Elizabeth Miele,2001
Jessica_Riggs,Jessica Riggs,2001
Delia_Rusmin,Delia Rusmin,1996
Timothy_Sackton,Timothy Sackton,2001
Wickliffe_Shreve,Wickliffe Shreve,2001
Elizabeth_Starin,Elizabeth Starin,2001
Grace_Suda,Grace Suda,2002
Roger_Turner,Roger Turner,2001
Rebekka_Weinstein,Rebekka Weinstein,2001
2000 and 2000.5
Anna_Andresian,Anna Andresian,2000
Katharine_Beach,Katharine Beach,2000
Katherine_Blank,Katherine Blank,2000
Jason_Blumenkrantz,Jason Blumenkrantz,2000
Steven_Chan,Steven Chan,2000
Sara_Fontes,Sara Fontes,2000
Thibault_Gournay,Thibault Gournay,2000
Ann_Hung,Ann Hung,2000
DaWoon_Jung,Da Woon Jung,2000
Erica_Klein,Erica Klein,2001
Seth_Landy,Seth Landy,2000
Vanessa_Loeblich,Vanessa Loeblich,2000
Corinna_Moore,Corinna Moore,2000
Michael_Pfeffer,Michael Pfeffer,2000
Aatish_Salvi,Aatish Salvi,2001
Sammy,Meredith Shaw,2000
Tiffany_Thompson,Tiffany Thompson,2000
Kellie_Walker,Kellie Walker,2000
Chad_Wolfsheimer,Chad Wolfsheimer,2000
1999
Leonard_Kirschen,Leonard Kirschen,1999
Theresa_Musacchio,Tracy Musacchio,1999
Jonathan_Persky,Jonathan Persky,1999
Jason_Rantanen,Jason Rantanen,1999
Kristen_Soule,Kristen Soule,1998
Michael_Zwarg,Michael Zwarg,1998
1998
Michael_Costa,Michael Costa,1999
Jennifer_Greenwood,Jennifer Greenwood,1998
Hugh_Morgenlander,Hugh Morgenlander,1998
Elizabeth_Lemond,Elizabeth Lemond,1999
Taro_Muso,Taro Muso,1999
Justin_Quimby,Justin Quimby,1998
James_Todd,James Todd,1998
1997 and 1997.5
William_Adelman,William Adelman,1994
Douglas_Applewhite,Douglas Applewhite,1998
Matthew_DiGuglielmo,Matthew Di Guglielmo,1997
Betsey_Gardstein,Betsey Gardstein,1998
Nicholas_Genes,Nicholas Genes,1997
Jay_Heirshberg,Jay Heirshberg,1997
Marc_Hildenbrand,Marc Hildenbrand,1997
Jared_McCrorie,Jared McCrorie,1998
Edith_Pfister,Edith Pfister,1997
Sammy,Melissa Rollenhagen,1997
Bradley_Schleyer,Bradley Schleyer,1997
Raghav_Sharma,Raghav Sharma,1996
Kevin_Silva,Kevin Silva,1997
Gun_Unsal,Gun Unsal,1997
Christine_Walters,Christine Walters,1997
Shera_Wise,Shera Wise,1998
1996 and 1996.5
Scott_Beliveau,Scott Beliveau,1996
Claudia_Conti,Claudia Conti,1996
Ryan_Cristal,Ryan Cristal,1996
Kari_Dahlen,Kari Dahlen,1996
David_Darby,David Darby,1996
Caren_Exelbert,Caren Exelbert,1996
Paul_Falcone,Paul Falcone,1996
Linda_Fu,Linda Fu,1996
Michael_Lewis,Michael Lewis,1996
Jennifer_Ramos,Jennifer Ramos,1996
Alaina_Schroeder,Alaina Schroeder,1996
Michael_Tobias,Michael Tobias,1996
Kelly_Werlinger,Kelly Werlinger,1996
